phi_deg	E_OPLS_kJ	E_RB_kJ
0.0	5.3241	5.3241
2.0	5.3522	5.3522
4.0	5.4365	5.4365
6.0	5.5764	5.5764
8.0	5.7707	5.7707
10.0	6.0182	6.0182
12.0	6.3171	6.3171
14.0	6.6652	6.6652
16.0	7.0602	7.0602
18.0	7.4990	7.4990
20.0	7.9788	7.9788
22.0	8.4960	8.4960
24.0	9.0471	9.0471
26.0	9.6281	9.6281
28.0	10.2350	10.2350
30.0	10.8636	10.8636
32.0	11.5094	11.5094
34.0	12.1681	12.1681
36.0	12.8350	12.8350
38.0	13.5057	13.5057
40.0	14.1755	14.1755
42.0	14.8399	14.8399
44.0	15.4944	15.4944
46.0	16.1348	16.1348
48.0	16.7566	16.7566
50.0	17.3558	17.3558
52.0	17.9286	17.9286
54.0	18.4713	18.4713
56.0	18.9803	18.9803
58.0	19.4525	19.4525
60.0	19.8849	19.8849
62.0	20.2751	20.2751
64.0	20.6205	20.6205
66.0	20.9192	20.9192
68.0	21.1695	21.1695
70.0	21.3701	21.3701
72.0	21.5200	21.5200
74.0	21.6184	21.6184
76.0	21.6650	21.6650
78.0	21.6599	21.6599
80.0	21.6032	21.6032
82.0	21.4957	21.4957
84.0	21.3382	21.3382
86.0	21.1319	21.1319
88.0	20.8783	20.8783
90.0	20.5791	20.5791
92.0	20.2363	20.2363
94.0	19.8520	19.8520
96.0	19.4285	19.4285
98.0	18.9685	18.9685
100.0	18.4745	18.4745
102.0	17.9494	17.9494
104.0	17.3960	17.3960
106.0	16.8173	16.8173
108.0	16.2164	16.2164
110.0	15.5963	15.5963
112.0	14.9601	14.9601
114.0	14.3109	14.3109
116.0	13.6516	13.6516
118.0	12.9852	12.9852
120.0	12.3148	12.3148
122.0	11.6430	11.6430
124.0	10.9728	10.9728
126.0	10.3066	10.3066
128.0	9.6471	9.6471
130.0	8.9966	8.9966
132.0	8.3574	8.3574
134.0	7.7317	7.7317
136.0	7.1214	7.1214
138.0	6.5284	6.5284
140.0	5.9544	5.9544
142.0	5.4009	5.4009
144.0	4.8694	4.8694
146.0	4.3612	4.3612
148.0	3.8774	3.8774
150.0	3.4191	3.4191
152.0	2.9871	2.9871
154.0	2.5822	2.5822
156.0	2.2052	2.2052
158.0	1.8567	1.8567
160.0	1.5371	1.5371
162.0	1.2469	1.2469
164.0	0.9864	0.9864
166.0	0.7561	0.7561
168.0	0.5560	0.5560
170.0	0.3864	0.3864
172.0	0.2474	0.2474
174.0	0.1392	0.1392
176.0	0.0619	0.0619
178.0	0.0155	0.0155
180.0	0.0000	0.0000
182.0	0.0155	0.0155
184.0	0.0619	0.0619
186.0	0.1392	0.1392
188.0	0.2474	0.2474
190.0	0.3864	0.3864
192.0	0.5560	0.5560
194.0	0.7561	0.7561
196.0	0.9864	0.9864
198.0	1.2469	1.2469
200.0	1.5371	1.5371
202.0	1.8567	1.8567
204.0	2.2052	2.2052
206.0	2.5822	2.5822
208.0	2.9871	2.9871
210.0	3.4191	3.4191
212.0	3.8774	3.8774
214.0	4.3612	4.3612
216.0	4.8694	4.8694
218.0	5.4009	5.4009
220.0	5.9544	5.9544
222.0	6.5284	6.5284
224.0	7.1214	7.1214
226.0	7.7317	7.7317
228.0	8.3574	8.3574
230.0	8.9966	8.9966
232.0	9.6471	9.6471
234.0	10.3066	10.3066
236.0	10.9728	10.9728
238.0	11.6430	11.6430
240.0	12.3148	12.3148
242.0	12.9852	12.9852
244.0	13.6516	13.6516
246.0	14.3109	14.3109
248.0	14.9601	14.9601
250.0	15.5963	15.5963
252.0	16.2164	16.2164
254.0	16.8173	16.8173
256.0	17.3960	17.3960
258.0	17.9494	17.9494
260.0	18.4745	18.4745
262.0	18.9685	18.9685
264.0	19.4285	19.4285
266.0	19.8520	19.8520
268.0	20.2363	20.2363
270.0	20.5791	20.5791
272.0	20.8783	20.8783
274.0	21.1319	21.1319
276.0	21.3382	21.3382
278.0	21.4957	21.4957
280.0	21.6032	21.6032
282.0	21.6599	21.6599
284.0	21.6650	21.6650
286.0	21.6184	21.6184
288.0	21.5200	21.5200
290.0	21.3701	21.3701
292.0	21.1695	21.1695
294.0	20.9192	20.9192
296.0	20.6205	20.6205
298.0	20.2751	20.2751
300.0	19.8849	19.8849
302.0	19.4525	19.4525
304.0	18.9803	18.9803
306.0	18.4713	18.4713
308.0	17.9286	17.9286
310.0	17.3558	17.3558
312.0	16.7566	16.7566
314.0	16.1348	16.1348
316.0	15.4944	15.4944
318.0	14.8399	14.8399
320.0	14.1755	14.1755
322.0	13.5057	13.5057
324.0	12.8350	12.8350
326.0	12.1681	12.1681
328.0	11.5094	11.5094
330.0	10.8636	10.8636
332.0	10.2350	10.2350
334.0	9.6281	9.6281
336.0	9.0471	9.0471
338.0	8.4960	8.4960
340.0	7.9788	7.9788
342.0	7.4990	7.4990
344.0	7.0602	7.0602
346.0	6.6652	6.6652
348.0	6.3171	6.3171
350.0	6.0182	6.0182
352.0	5.7707	5.7707
354.0	5.5764	5.5764
356.0	5.4365	5.4365
358.0	5.3522	5.3522
360.0	5.3241	5.3241
