step	phi_deg	QM_rel_kcal	MMoff_rel_kcal	residual_kcal	residual_kJ	fit_kJ	fit_minus_residual_kJ	used
1	180.00	0.3200	4.3552	-4.0351	-16.8829	-0.9734	15.9094	no(methyl rotamer)
2	190.00	0.0001	-0.0076	0.0077	0.0322	-0.5871	-0.6193	yes
3	200.00	0.4283	0.3181	0.1101	0.4607	0.5636	0.1030	yes
4	210.00	1.1369	0.7612	0.3756	1.5715	2.4456	0.8741	yes
5	220.00	2.1028	1.0062	1.0966	4.5882	4.9810	0.3928	yes
6	230.00	3.2346	1.2239	2.0107	8.4128	8.0232	-0.3896	yes
7	240.00	4.4078	1.4986	2.9092	12.1721	11.3413	-0.8308	yes
8	250.00	5.4879	1.8544	3.6335	15.2026	14.6229	-0.5797	yes
9	260.00	6.3634	2.2163	4.1471	17.3515	17.5010	0.1496	yes
10	270.00	6.9704	2.4754	4.4951	18.8075	19.6057	0.7982	yes
11	280.00	7.2924	2.5459	4.7465	19.8594	20.6298	0.7704	yes
12	290.00	7.3397	2.4737	4.8659	20.3589	20.3967	0.0378	yes
13	300.00	7.1111	2.4641	4.6470	19.4430	18.9115	-0.5315	yes
14	310.00	6.5767	2.4993	4.0774	17.0598	16.3824	-0.6774	yes
15	320.00	5.8362	2.6147	3.2215	13.4788	13.2021	-0.2767	yes
16	330.00	5.0825	2.7421	2.3404	9.7922	9.8901	0.0979	yes
17	340.00	4.4736	2.8580	1.6156	6.7597	7.0054	0.2457	yes
18	350.00	4.0900	2.9379	1.1522	4.8208	5.0448	0.2240	yes
19	360.00	3.9619	2.9632	0.9987	4.1786	4.3506	0.1721	yes
20	10.00	4.0903	2.9240	1.1663	4.8798	5.0448	0.1650	yes
21	20.00	4.4740	2.8348	1.6391	6.8580	7.0054	0.1474	yes
22	30.00	5.0838	2.7218	2.3620	9.8826	9.8901	0.0075	yes
23	40.00	5.8343	2.6090	3.2254	13.4951	13.2021	-0.2930	yes
24	50.00	6.5749	2.5093	4.0656	17.0105	16.3824	-0.6281	yes
25	60.00	7.1057	2.4532	4.6526	19.4665	18.9115	-0.5550	yes
26	70.00	7.3373	2.5186	4.8187	20.1614	20.3967	0.2352	yes
27	80.00	7.2922	2.5789	4.7134	19.7209	20.6298	0.9089	yes
28	90.00	6.9681	2.4916	4.4765	18.7297	19.6057	0.8760	yes
29	100.00	6.3596	2.2134	4.1462	17.3477	17.5010	0.1533	yes
30	110.00	5.4851	1.8317	3.6533	15.2854	14.6229	-0.6625	yes
31	120.00	4.4062	1.4687	2.9375	12.2905	11.3413	-0.9492	yes
32	130.00	3.2365	1.2168	2.0197	8.4504	8.0232	-0.4273	yes
33	140.00	2.0988	1.0117	1.0871	4.5484	4.9810	0.4325	yes
34	150.00	1.1394	0.7854	0.3540	1.4811	2.4456	0.9645	yes
35	160.00	0.4253	0.3506	0.0747	0.3125	0.5636	0.2511	yes
36	170.00	0.0000	0.0000	0.0000	0.0000	-0.5871	-0.5871	yes
