series	step	phi_deg	E_QM_Eh	E_QM_rel_kcal	E_MMoff_rel_hiprec_kcal	residual_hiprec_kcal
orig	1	180.00	-145.788969781	0.0000	0.0000	0.0000
orig	2	190.00	-145.788787561	0.1143	0.1642	-0.0499
orig	3	200.00	-145.788124156	0.5306	0.4209	0.1097
orig	4	210.00	-145.786962676	1.2595	0.7139	0.5456
orig	5	220.00	-145.785394793	2.2433	1.0418	1.2015
orig	6	230.00	-145.783560491	3.3944	1.4034	1.9909
orig	7	240.00	-145.781636999	4.6014	1.7782	2.8232
orig	8	250.00	-145.779759687	5.7794	2.0913	3.6881
orig	9	260.00	-145.778040843	6.8580	2.3052	4.5528
orig	10	270.00	-145.776587408	7.7701	2.5074	5.2626
orig	11	280.00	-145.775481091	8.4643	2.7161	5.7482
orig	12	290.00	-145.774774020	8.9080	2.9304	5.9775
orig	13	300.00	-145.774530011	9.0611	3.1145	5.9466
orig	14	310.00	-145.775209075	8.6350	2.9916	5.6433
orig	15	320.00	-145.776429393	7.8692	2.9393	4.9299
orig	16	330.00	-145.786899971	1.2988	-4.8217	6.1205
orig	17	340.00	-145.786935748	1.2764	-3.9909	5.2673
orig	18	350.00	-145.786578280	1.5007	-3.0734	4.5741
orig	19	360.00	-145.785877286	1.9406	-2.2471	4.1877
orig	20	10.00	-145.784929133	2.5355	-1.9587	4.4942
orig	21	20.00	-145.784495709	2.8075	-2.8408	5.6483
orig	22	30.00	-145.783957679	3.1451	-2.1709	5.3160
orig	23	40.00	-145.783137877	3.6596	-1.2294	4.8890
orig	24	50.00	-145.782206432	4.2441	-0.2789	4.5230
orig	25	60.00	-145.781126445	4.9218	0.5949	4.3269
orig	26	70.00	-145.780183490	5.5135	1.3356	4.1779
orig	27	80.00	-145.779573007	5.8966	1.9099	3.9867
orig	28	90.00	-145.779782509	5.7651	4.0349	1.7302
orig	29	100.00	-145.780237942	5.4793	4.9479	0.5314
orig	30	110.00	-145.780588575	5.2593	5.4001	-0.1408
orig	31	120.00	-145.780843402	5.0994	5.6202	-0.5208
orig	32	130.00	-145.781364099	4.7726	4.2407	0.5320
orig	33	140.00	-145.782339779	4.1604	3.8131	0.3473
orig	34	150.00	-145.783397766	3.4965	3.5084	-0.0119
orig	35	160.00	-145.784245009	2.9648	3.2165	-0.2517
orig	36	170.00	-145.784726758	2.6625	2.9957	-0.3332
refwd	1	180.00	-145.788977999	0.0000	0.0000	0.0000
refwd	2	190.00	-145.788794997	0.1148	0.1527	-0.0379
refwd	3	200.00	-145.788126918	0.5341	0.4051	0.1289
refwd	4	210.00	-145.786969920	1.2601	0.6891	0.5710
refwd	5	220.00	-145.785390992	2.2509	1.0282	1.2227
refwd	6	230.00	-145.783562759	3.3981	1.3953	2.0028
refwd	7	240.00	-145.781639477	4.6050	1.7696	2.8354
refwd	8	250.00	-145.779762127	5.7830	2.0829	3.7001
refwd	9	260.00	-145.778039397	6.8641	2.2966	4.5675
refwd	10	270.00	-145.776588632	7.7744	2.4909	5.2835
refwd	11	280.00	-145.775486373	8.4661	2.6989	5.7673
refwd	12	290.00	-145.774784970	8.9063	2.9152	5.9911
refwd	13	300.00	-145.774541504	9.0590	3.0951	5.9639
refwd	14	310.00	-145.775214434	8.6368	2.9737	5.6631
refwd	15	320.00	-145.776431556	7.8730	2.9300	4.9430
refwd	16	330.00	-145.786908731	1.2985	-4.8473	6.1458
refwd	17	340.00	-145.786946046	1.2751	-4.0026	5.2777
refwd	18	350.00	-145.786593725	1.4962	-3.0710	4.5671
refwd	19	360.00	-145.785892456	1.9362	-2.2419	4.1781
refwd	20	10.00	-145.784941727	2.5328	-1.9273	4.4601
refwd	21	20.00	-145.784492163	2.8149	-2.8437	5.6586
refwd	22	30.00	-145.783934844	3.1646	-2.1704	5.3350
refwd	23	40.00	-145.783111921	3.6810	-1.2435	4.9246
refwd	24	50.00	-145.782095292	4.3190	-0.2777	4.5967
refwd	25	60.00	-145.781014407	4.9972	0.5543	4.4430
refwd	26	70.00	-145.780081845	5.5824	1.2923	4.2901
refwd	27	80.00	-145.779483584	5.9578	1.8879	4.0699
refwd	28	90.00	-145.779782099	5.7705	4.0483	1.7222
refwd	29	100.00	-145.780232704	5.4878	4.8915	0.5963
refwd	30	110.00	-145.780596148	5.2597	5.3917	-0.1320
refwd	31	120.00	-145.780864115	5.0915	5.6049	-0.5134
refwd	32	130.00	-145.781378359	4.7688	4.2622	0.5067
refwd	33	140.00	-145.782351249	4.1583	3.8382	0.3202
refwd	34	150.00	-145.783398090	3.5014	3.5347	-0.0332
refwd	35	160.00	-145.784243956	2.9707	3.2438	-0.2731
refwd	36	170.00	-145.784724130	2.6693	3.0325	-0.3632
rerev	1	180.00	-145.788977999	0.0000	0.0000	0.0000
rerev	2	170.00	-145.788703943	0.1720	-0.0227	0.1947
rerev	3	160.00	-145.787953309	0.6430	0.0741	0.5689
rerev	4	150.00	-145.786721175	1.4162	0.2299	1.1863
rerev	5	140.00	-145.785116484	2.4231	0.4312	1.9920
rerev	6	130.00	-145.783337406	3.5395	0.7094	2.8302
rerev	7	120.00	-145.781612377	4.6220	1.0528	3.5692
rerev	8	110.00	-145.780125848	5.5548	1.4027	4.1521
rerev	9	100.00	-145.778965234	6.2831	1.7161	4.5670
rerev	10	90.00	-145.778185237	6.7726	1.9673	4.8053
rerev	11	80.00	-145.777796990	7.0162	2.1740	4.8422
rerev	12	70.00	-145.777850375	6.9827	2.3700	4.6127
rerev	13	60.00	-145.778297328	6.7022	2.4302	4.2720
rerev	14	50.00	-145.778989523	6.2679	2.3781	3.8898
rerev	15	40.00	-145.779814650	5.7501	2.2440	3.5061
rerev	16	30.00	-145.783955531	3.1516	-2.1360	5.2876
rerev	17	20.00	-145.784502013	2.8087	-2.7837	5.5924
rerev	18	10.00	-145.784928912	2.5408	-1.9510	4.4918
rerev	19	0.00	-145.785870709	1.9499	-2.2275	4.1774
rerev	20	350.00	-145.786587913	1.4998	-3.0569	4.5567
rerev	21	340.00	-145.786956421	1.2686	-3.9543	5.2229
rerev	22	330.00	-145.786912489	1.2961	-4.8210	6.1171
rerev	23	320.00	-145.786457915	1.5814	-5.3265	6.9079
rerev	24	310.00	-145.785611806	2.1123	-5.3635	7.4758
rerev	25	300.00	-145.784397870	2.8741	-4.8709	7.7450
rerev	26	290.00	-145.782946791	3.7846	-3.9049	7.6895
rerev	27	280.00	-145.781435835	4.7328	-2.7447	7.4775
rerev	28	270.00	-145.780133749	5.5499	-1.5323	7.0821
rerev	29	260.00	-145.779334868	6.0512	-0.4613	6.5124
rerev	30	250.00	-145.779304277	6.0704	0.5445	5.5259
rerev	31	240.00	-145.781721964	4.5532	-0.6467	5.2000
rerev	32	230.00	-145.783632364	3.3544	-1.9264	5.2808
rerev	33	220.00	-145.785738648	2.0327	-2.0370	4.0698
rerev	34	210.00	-145.787114349	1.1695	-1.5698	2.7392
rerev	35	200.00	-145.787560822	0.8893	-1.1083	1.9976
rerev	36	190.00	-145.787372632	1.0074	-0.8365	1.8439
rerev	37	180.00	-145.786853526	1.3331	-0.7342	2.0674
