step	phi_deg	E_QM_Eh	E_QM_rel_kcal	E_MMfull_rel_hiprec_kcal	E_MMoff_rel_hiprec_kcal	residual_hiprec_kcal	methyl_HCSC_deg
1	180.00	-94.153503692	0.3200	4.1470	4.3552	-4.0351	240.44
2	190.00	-94.154013514	0.0001	-0.0067	-0.0076	0.0077	182.10
3	200.00	-94.153331213	0.4283	0.9261	0.3181	0.1101	185.27
4	210.00	-94.152201949	1.1369	2.3047	0.7612	0.3756	189.78
5	220.00	-94.150662677	2.1028	3.7029	1.0062	1.0966	190.24
6	230.00	-94.148858977	3.2346	5.2000	1.2239	2.0107	189.37
7	240.00	-94.146989408	4.4078	6.7749	1.4986	2.9092	187.41
8	250.00	-94.145268114	5.4879	8.3436	1.8544	3.6335	185.08
9	260.00	-94.143872911	6.3634	9.7125	2.2163	4.1471	182.84
10	270.00	-94.142905556	6.9704	10.6498	2.4754	4.4951	181.23
11	280.00	-94.142392451	7.2924	10.9673	2.5459	4.7465	180.80
12	290.00	-94.142317186	7.3397	10.6797	2.4737	4.8659	182.37
13	300.00	-94.142681404	7.1111	10.0715	2.4641	4.6470	187.89
14	310.00	-94.143533004	6.5767	9.2967	2.4993	4.0774	193.98
15	320.00	-94.144713046	5.8362	8.5950	2.6147	3.2215	196.27
16	330.00	-94.145914173	5.0825	8.0383	2.7421	2.3404	194.75
17	340.00	-94.146884484	4.4736	7.6538	2.8580	1.6156	190.84
18	350.00	-94.147495811	4.0900	7.4309	2.9379	1.1522	185.69
19	360.00	-94.147699961	3.9619	7.3548	2.9632	0.9987	179.90
20	10.00	-94.147495313	4.0903	7.4179	2.9240	1.1663	174.18
21	20.00	-94.146883941	4.4740	7.6326	2.8348	1.6391	169.00
22	30.00	-94.145912130	5.0838	8.0209	2.7218	2.3620	165.13
23	40.00	-94.144716057	5.8343	8.5904	2.6090	3.2254	163.73
24	50.00	-94.143535898	6.5749	9.3041	2.5093	4.0656	166.13
25	60.00	-94.142689987	7.1057	10.0597	2.4532	4.6526	172.32
26	70.00	-94.142320950	7.3373	10.7223	2.5186	4.8187	177.59
27	80.00	-94.142392741	7.2922	10.9985	2.5789	4.7134	179.13
28	90.00	-94.142909313	6.9681	10.6664	2.4916	4.4765	178.84
29	100.00	-94.143879009	6.3596	9.7124	2.2134	4.1462	177.30
30	110.00	-94.145272685	5.4851	8.3258	1.8317	3.6533	175.14
31	120.00	-94.146991900	4.4062	6.7495	1.4687	2.9375	172.93
32	130.00	-94.148855971	3.2365	5.1936	1.2168	2.0197	170.48
33	140.00	-94.150669001	2.0988	3.7106	1.0117	1.0871	169.71
34	150.00	-94.152197979	1.1394	2.3286	0.7854	0.3540	169.97
35	160.00	-94.153335911	0.4253	0.9565	0.3506	0.0747	174.40
36	170.00	-94.154013674	0.0000	0.0000	0.0000	0.0000	177.78
